{"vote": "435", "created_at": "Tue Mar 2 22:52:12 2010 UTC", "comments": "354 comments", "title": "my subreddits"}
{"vote": "103", "created_at": "Thu Jul 20 14:03:45 2017 UTC", "comments": "12 comments", "title": "[S7E1] Post-Episode Survey Results - S7E1 'Dragonstone' (Overall score: 7.7)"}
{"vote": "6593", "created_at": "Thu Jul 20 21:58:34 2017 UTC", "comments": "93 comments", "title": " "}
{"vote": "6980", "created_at": "Thu Jul 20 17:11:08 2017 UTC", "comments": "274 comments", "title": "[S7E1] Contest #1 Results, and what to prepare for next week"}
{"vote": "838", "created_at": "Thu Jul 20 12:51:42 2017 UTC", "comments": "107 comments", "title": " "}
{"vote": "1872", "created_at": "Thu Jul 20 22:20:18 2017 UTC", "comments": "273 comments", "title": "[EVERYTHING] The Shitadel - By Eran Mendel"}
{"vote": "500", "created_at": "Thu Jul 20 17:51:38 2017 UTC", "comments": "31 comments", "title": " "}
{"vote": "161", "created_at": "Fri Jul 21 00:30:10 2017 UTC", "comments": "21 comments", "title": "[EVERYTHING] Fan art of Jon & Daenerys' imagined first meeting"}
{"vote": "675", "created_at": "Fri Jul 21 04:36:30 2017 UTC", "comments": "199 comments", "title": " "}
{"vote": "224", "created_at": "Thu Jul 20 19:37:03 2017 UTC", "comments": "11 comments", "title": "[Everything] I don't understand the confusion..."}
{"vote": "469", "created_at": "Fri Jul 21 01:16:51 2017 UTC", "comments": "15 comments", "title": " "}
{"vote": "977", "created_at": "Thu Jul 20 20:28:31 2017 UTC", "comments": "275 comments", "title": "[Everything] It's a nice compromise"}
{"vote": "159", "created_at": "Thu Jul 20 15:38:02 2017 UTC", "comments": "27 comments", "title": " "}
{"vote": "1370", "created_at": "Fri Jul 21 01:21:57 2017 UTC", "comments": "80 comments", "title": "[S7E1] Ned liked to reuse advice, apparently"}
{"vote": "788", "created_at": "Thu Jul 20 12:28:36 2017 UTC", "comments": "491 comments", "title": " "}
{"vote": "865", "created_at": "Thu Jul 20 14:46:09 2017 UTC", "comments": "322 comments", "title": "[EVERYTHING] Allegedly, Jon and Ygritte are engaged."}
{"vote": "89", "created_at": "last edited 7 hours ago", "comments": "24 comments", "title": " "}
{"vote": "309", "created_at": "Thu Jul 20 13:26:57 2017 UTC", "comments": "60 comments", "title": "[EVERYTHING] The complete list with all recast characters"}
{"vote": "33", "created_at": "last edited 13 hours ago", "comments": "5 comments", "title": " "}
{"vote": "208", "created_at": "Fri Jul 21 00:46:53 2017 UTC", "comments": "8 comments", "title": "[EVERYTHING] I got my little sister hooked on GOT. She's been working on this (not yet finished) piece. She just turned 18 and already is way more talented than I can ever be."}
{"vote": "17", "created_at": "last edited 5 hours ago", "comments": "13 comments", "title": " "}
{"vote": "1132", "created_at": "Thu Jul 20 16:48:59 2017 UTC", "comments": "205 comments", "title": "[EVERYTHING] My newest whiteboard drawing with Sansa's sassiest quote on the new season :)"}
{"vote": "1444", "created_at": "Fri Jul 21 02:31:23 2017 UTC", "comments": "95 comments", "title": " "}
{"vote": "127", "created_at": "Thu Jul 20 16:46:25 2017 UTC", "comments": "101 comments", "title": "[EVERYTHING] Major problem for Littlefinger..."}
{"vote": "95", "created_at": "Fri Jul 21 06:15:56 2017 UTC", "comments": "86 comments", "title": " "}
{"vote": "97", "created_at": "Thu Jul 20 07:08:25 2017 UTC", "comments": "15 comments", "title": "[EVERYTHING] Given we might be seeing Highgarden this season I figured I'd share this Minecraft project"}
{"vote": "255", "created_at": "Thu Jul 20 05:23:19 2017 UTC", "comments": "81 comments", "title": " "}
